uniqueID,tires,Weight,Quarterly_Tax,Doors,CC,Automatic,Met_Color,HP,KM,Age_08_04,Price
1,1,1165,210,3,2000,0,1,90,46986,23,13500
2,1,1165,210,3,2000,0,1,90,72937,23,13750
3,1,1165,210,3,2000,0,1,90,41711,24,13950
4,1,1165,210,3,2000,0,0,90,48000,26,14950
5,1,1170,210,3,2000,0,0,90,38500,30,13750
6,1,1170,210,3,2000,0,0,90,61000,32,12950
7,1,1245,210,3,2000,0,1,90,94612,27,16900
8,1,1245,210,3,2000,0,1,90,75889,30,18600
9,1,1185,100,3,1800,0,0,192,19700,27,21500
10,1,1105,185,3,1900,0,0,69,71138,23,12950
11,1,1185,100,3,1800,0,0,192,31461,25,20950
12,1,1185,100,3,1800,0,0,192,43610,22,19950
13,1,1185,100,3,1800,0,0,192,32189,25,19600
14,1,1185,100,3,1800,0,1,192,23000,31,21500
15,1,1185,100,3,1800,0,1,192,34131,32,22500
16,1,1185,100,3,1800,0,0,192,18739,28,22000
17,1,1185,100,3,1800,0,1,192,34000,30,22750
18,1,1105,85,3,1600,0,1,110,21716,24,17950
19,1,1065,19,3,1600,0,0,110,25563,24,16750
20,1,1105,85,3,1600,0,1,110,64359,30,16950
21,1,1105,85,3,1600,0,1,110,67660,30,15950
22,1,1170,100,3,1600,1,0,110,43905,29,16950
23,1,1120,85,3,1600,0,1,110,56349,28,15950
24,1,1120,85,3,1600,0,1,110,32220,28,16950
25,1,1120,85,3,1600,0,1,110,25813,29,16250
26,1,1120,85,3,1600,0,1,110,28450,25,15950
27,1,1120,85,3,1600,0,1,110,34545,27,17495
28,1,1120,85,3,1600,0,1,110,41415,29,15750
29,1,1120,85,3,1600,0,0,110,44142,28,16950
30,1,1120,85,3,1600,0,1,110,11090,30,17950
31,1,1100,19,3,1400,0,1,97,9750,29,12950
32,1,1100,85,3,1400,0,1,97,35199,22,15750
33,1,1100,85,3,1400,0,1,97,29510,27,15950
34,1,1100,85,3,1400,0,1,97,32692,26,14950
35,1,1100,85,3,1400,0,1,97,41000,22,15500
36,1,1100,85,3,1400,0,0,97,43000,26,15750
37,1,1100,85,3,1400,0,0,97,25000,25,15950
38,1,1100,85,3,1400,0,1,97,10000,23,14950
39,1,1100,85,3,1400,0,1,97,25329,32,15750
40,1,1100,85,3,1400,0,0,97,27500,27,14750
41,1,1100,85,3,1400,0,0,97,49059,22,13950
42,1,1100,85,3,1400,0,1,97,44068,27,16750
43,1,1100,85,3,1400,0,0,97,46961,22,13950
44,1,1255,234,5,2000,0,0,90,110404,27,16950
45,1,1255,234,5,2000,0,0,90,100250,22,16950
46,1,1270,234,5,2000,0,0,90,84000,23,19000
47,1,1255,234,5,2000,0,1,90,79375,27,17950
48,1,1110,85,5,1400,0,1,97,75048,22,15800
49,1,1255,234,5,2000,0,1,90,72215,22,17950
50,1,1195,100,5,1800,0,1,192,64982,31,21950
51,1,1255,234,5,2000,0,1,90,62636,22,17950
52,1,1110,85,5,1400,0,1,97,57086,30,15750
53,1,1180,100,5,1600,1,1,110,56000,26,20500
54,1,1195,100,5,1800,0,1,192,49866,27,21950
55,1,1165,100,5,1600,1,0,110,49163,25,15500
56,1,1075,85,5,1600,0,1,110,45725,32,13250
57,1,1110,85,5,1400,0,0,97,43210,28,15250
58,1,1110,85,5,1400,0,0,97,43000,26,15250
59,1,1180,100,5,1600,1,1,110,39704,23,18950
60,1,1130,85,5,1600,0,1,110,38950,30,15999
61,1,1110,85,5,1400,0,1,97,37400,22,14950
62,1,1130,85,5,1600,0,0,110,37177,27,16500
63,1,1130,85,5,1600,0,1,110,36544,31,18750
64,1,1130,85,5,1600,0,1,110,33511,30,17950
65,1,1110,85,5,1400,0,1,97,32809,27,17950
66,1,1075,19,5,1600,0,1,110,32181,26,16950
67,1,1130,85,5,1600,0,1,110,30993,28,18950
68,1,1110,85,5,1400,0,1,97,30400,22,14950
69,1,1275,234,5,2000,0,1,110,30000,22,22250
70,1,1110,85,5,1400,0,1,97,29719,25,15950
71,1,1110,85,5,1400,0,1,97,29206,28,15950
72,1,1060,85,5,1400,0,1,97,29198,32,12995
73,1,1130,85,5,1598,0,1,110,28817,28,18950
74,1,1110,85,5,1400,0,1,97,28227,23,15750
75,1,1130,85,5,1600,0,0,110,28000,28,19950
76,1,1115,85,5,1600,0,1,110,28000,23,16950
77,1,1130,85,5,1600,0,1,110,25266,31,18750
78,1,1115,85,5,1600,0,0,110,23489,27,18450
79,1,1115,85,5,1600,0,1,110,22575,29,16895
80,1,1110,85,5,1400,0,1,97,22000,30,14900
81,1,1180,100,5,16000,1,1,110,20019,25,18950
82,1,1115,85,5,1600,0,1,110,20000,29,17250
83,1,1110,85,5,1400,0,1,97,17003,25,15450
84,1,1180,100,5,1600,1,1,110,16238,31,17950
85,1,1110,85,5,1400,0,1,97,15414,25,16650
86,1,1130,85,5,1600,0,1,110,8537,28,17450
87,1,1100,85,5,1400,0,1,97,7000,30,14900
88,1,1245,210,3,2000,0,1,90,66966,20,17950
89,1,1100,85,3,1400,0,1,97,51884,19,15950
90,1,1265,234,3,2000,0,1,110,50005,19,21950
91,1,1100,85,3,1400,0,1,97,48110,20,16450
92,1,1260,234,3,2000,0,1,90,37500,20,22250
93,1,1260,234,3,1995,0,1,90,34472,16,19950
94,1,1100,85,3,1400,0,1,97,33329,20,15950
95,1,1120,85,3,1600,0,0,110,31850,20,18900
96,1,1260,234,3,1995,0,1,90,30351,17,19950
97,1,1100,85,3,1400,0,1,97,29435,19,15950
98,1,1100,85,3,1400,0,1,97,25948,19,15950
99,1,1120,85,3,1600,0,1,110,24500,11,18750
100,1,1100,85,3,1400,0,1,97,23902,18,17450
101,1,1120,85,3,1600,0,1,110,23175,20,18990
102,1,1100,85,3,1400,0,1,97,19200,19,16250
103,1,1125,85,3,1400,0,0,71,18000,13,18500
104,1,1105,85,3,1600,0,1,110,16123,11,18500
105,1,1155,100,3,1600,1,1,110,14635,11,19450
106,1,1100,85,3,1400,0,1,97,13748,19,16950
107,1,1045,69,3,1600,0,1,110,11500,14,18800
108,1,1100,85,3,1400,0,1,97,10000,17,17450
109,1,1105,85,3,1600,0,1,110,7187,20,17950
110,1,1480,283,5,2000,0,0,116,1,4,32500
111,1,1480,283,5,2000,0,1,116,4000,4,31000
112,1,1480,283,5,2000,0,1,116,1500,4,31275
113,1,1320,234,5,2000,0,1,116,13253,8,24950
114,1,1320,234,5,2000,0,1,116,13253,8,24950
115,1,1270,234,5,2000,0,1,116,10000,7,22950
116,1,1280,234,5,2000,0,1,90,6000,8,24990
117,1,1270,234,5,2000,0,1,90,10841,8,21950
118,1,1105,85,3,1600,0,1,110,1,7,17900
119,1,1255,234,5,2000,0,1,90,63000,20,19250
120,1,1275,234,5,2000,0,1,110,57313,17,22250
121,1,1115,85,5,1600,0,0,110,57037,13,18950
122,1,1255,234,5,2000,0,1,90,51099,19,19950
123,1,1115,85,5,1600,0,1,110,40010,14,16350
124,1,1130,85,5,1600,0,1,110,39115,20,18950
125,1,1130,85,5,1600,0,0,110,36012,17,16950
126,1,1130,85,5,1600,0,1,110,36000,16,21750
127,1,1075,19,5,1600,0,1,110,36000,20,15950
128,1,1110,85,5,1400,0,1,97,35000,20,16500
129,1,1135,85,5,1400,0,1,97,33740,17,17950
130,1,1075,19,5,1600,0,1,110,33477,13,15850
131,1,1110,85,5,1400,0,1,97,32627,20,16250
132,1,1110,85,5,1400,0,1,97,29797,20,15950
133,1,1110,85,5,1400,0,1,97,29441,19,16250
134,1,1105,19,4,1600,0,1,110,29371,13,15950
135,1,1110,85,5,1400,0,0,97,29000,20,16500
136,1,1110,85,5,1400,0,0,97,27821,19,16500
137,1,1135,85,5,1400,0,0,97,27371,19,18450
138,1,1105,19,5,1600,0,1,110,25170,13,16250
139,1,1320,64,5,2000,0,1,116,25000,11,23000
140,1,1130,85,5,1600,0,1,110,23000,20,19900
141,1,1110,85,5,1400,0,1,97,22588,20,16450
142,1,1185,19,5,1800,0,1,192,21684,19,23950
143,1,1130,85,5,1600,0,1,110,21428,13,19950
144,1,1090,85,4,1600,0,1,110,20629,16,18500
145,1,1130,85,5,1600,0,1,110,20270,15,18950
146,1,1110,85,5,1400,0,0,97,20105,16,16450
147,1,1165,100,5,1600,1,0,110,20000,20,20500
148,1,1130,85,5,1600,0,1,110,19988,13,24500
149,1,1130,85,5,1600,0,0,110,18328,19,19450
150,1,1150,85,4,1600,1,1,110,17896,14,20950
151,1,1110,85,5,1400,0,1,97,17300,20,17200
152,1,1130,85,5,1600,0,0,110,17038,19,19950
153,1,1110,85,5,1400,0,1,97,13747,10,18450
154,1,1115,85,5,1600,0,1,110,13634,12,19500
155,1,1130,85,5,1600,0,1,110,13178,13,21750
156,1,1085,85,4,1400,0,1,97,13157,15,16868
157,1,1105,85,4,1600,0,1,110,13000,16,19500
158,1,1115,85,5,1600,0,1,110,12500,11,18900
159,1,1130,85,5,1600,0,1,110,11999,17,19750
160,1,1180,100,5,1600,1,0,110,11754,16,19750
161,1,1105,85,4,1600,0,1,110,11000,16,18950
162,1,1105,85,5,1598,0,0,110,10000,17,20750
163,1,1115,85,5,1600,0,1,110,7650,9,19600
164,1,1100,85,4,1600,0,1,110,6500,14,19500
165,1,1110,85,5,1400,0,1,97,6155,11,17650
166,1,1130,85,5,1600,0,0,110,6000,14,19950
167,1,1130,85,5,1600,0,1,110,5459,14,19950
168,1,1150,85,4,1600,1,1,110,5278,14,20950
169,1,1130,85,5,1600,0,1,110,5000,12,20500
170,1,1065,19,4,1400,0,1,98,1,9,17795
171,1,1075,19,5,1600,0,1,110,1,9,18245
172,1,1130,85,5,1600,0,1,110,11000,8,23750
173,1,1110,85,5,1400,0,1,97,10077,8,19500
174,1,1110,85,5,1400,0,1,97,10000,8,18950
175,1,1130,85,5,1600,0,1,110,9788,8,21950
176,1,1130,85,5,1600,0,1,110,8574,8,19950
177,1,1115,85,5,1600,0,0,110,7000,8,18950
178,1,1115,85,5,1600,0,1,110,6250,7,19950
179,1,1130,85,5,1600,0,1,110,5000,8,21950
180,1,1130,85,5,1600,0,0,110,3000,6,22500
181,1,1075,19,5,1600,0,0,110,2000,7,18500
182,1,1110,85,5,1400,0,1,97,450,7,18700
183,1,1110,85,5,1400,0,1,97,225,2,21125
184,1,1130,85,5,1600,0,1,110,15,2,21500
185,1,1100,19,4,1400,0,1,98,1,1,17795
186,1,1075,19,5,1600,0,1,110,1,1,18245
187,1,1110,185,3,1900,0,0,69,243000,43,6950
188,1,1160,210,4,2000,0,0,90,180638,38,9500
189,1,1205,210,5,2000,0,1,90,179860,40,11950
190,1,1084,197,3,1600,0,0,110,178858,43,7750
191,1,1105,185,3,1900,0,1,69,161000,40,11950
192,1,1110,64,5,1800,0,0,69,158320,44,4350
193,1,1110,64,5,1800,0,1,69,131273,44,4750
194,1,1140,185,5,1900,0,1,69,130062,40,11750
195,1,1140,185,5,1900,0,1,69,123425,41,13250
196,1,1075,85,5,1600,0,1,110,118217,37,11950
197,1,1095,185,5,1900,0,1,69,110000,44,11900
198,1,1205,210,5,2000,0,1,90,108847,39,14750
199,1,1025,69,3,1400,0,1,97,105699,42,9950
200,1,1119,197,5,1600,0,1,110,98823,39,11950
201,1,1075,85,5,1600,0,1,110,96829,44,11495
202,1,1025,69,3,1400,0,1,97,96518,40,11250
203,1,1075,85,5,1600,0,1,110,92204,42,10500
204,1,1110,185,3,1900,0,1,69,91456,35,10450
205,1,1140,185,5,1900,0,1,69,89968,43,12950
206,1,1045,69,3,1600,0,1,110,89757,44,11500
207,1,1075,85,5,1600,0,1,110,85389,40,12500
208,1,1060,85,5,1400,0,0,97,85017,43,10950
209,1,1080,85,5,1600,0,0,110,84312,41,11450
210,1,1121,197,5,1600,0,1,110,82743,37,11950
211,1,1140,185,5,1900,0,1,69,81106,41,13250
212,1,1205,210,5,2000,0,1,90,80425,40,14750
213,1,1105,85,5,1600,1,1,110,78677,34,11790
214,1,1075,85,5,1600,0,1,110,78425,40,11450
215,1,1170,210,3,2000,0,1,90,78108,33,13500
216,1,1075,85,5,1600,0,1,110,77321,33,10950
217,1,1105,185,3,1900,0,0,69,75699,33,13500
218,1,1025,69,3,1400,0,1,97,75697,41,10950
219,1,1025,69,3,1400,0,1,97,74846,44,10950
220,1,1075,85,5,1600,0,1,110,74319,38,12950
221,1,1075,85,5,1600,0,1,110,74285,43,11950
222,1,1615,163,5,1600,0,1,110,74172,44,12450
223,1,1075,85,5,1598,0,1,110,73042,40,11950
224,1,1067,197,4,1600,0,1,110,71793,44,14950
225,1,1075,85,5,1600,0,1,110,71200,35,12450
226,1,1075,85,5,1600,0,1,110,67805,38,12950
227,1,1040,69,3,1600,0,1,110,65988,35,11950
228,1,1060,85,5,1400,0,1,97,65345,34,11690
229,1,1080,85,5,1600,0,1,110,64564,42,12450
230,1,1060,85,5,1400,0,1,97,63459,36,12750
231,1,1025,69,3,1400,0,0,97,63451,44,11925
232,1,1075,19,5,1600,0,1,110,62000,33,12950
233,1,1030,69,3,1400,0,1,97,61300,42,11950
234,1,1045,69,3,1600,0,1,110,61200,41,12900
235,1,1075,85,5,1600,0,0,110,61000,41,11900
236,1,1075,85,5,1600,0,1,110,60829,38,11650
237,1,1075,85,5,1600,0,0,110,60500,44,10950
238,1,1110,64,3,1900,0,1,69,59500,35,13950
239,1,1110,85,5,1600,1,0,110,59000,44,13950
240,1,1080,85,5,1600,0,1,110,58954,40,11950
241,1,1075,85,5,1600,0,1,110,58798,38,10950
242,1,1055,85,3,1600,0,1,110,58363,38,12450
243,1,1045,69,3,1600,0,1,110,58277,43,11950
244,1,1165,210,3,2000,0,1,90,57711,33,13500
245,1,1075,85,5,1600,0,1,110,57269,33,11690
246,1,1075,85,5,1600,0,1,110,56001,39,13500
247,1,1050,69,3,1600,0,0,110,55968,42,11950
248,1,1030,69,4,1600,0,1,110,55678,39,12900
249,1,1085,85,5,1600,0,1,110,55539,43,13500
250,1,1075,85,5,1600,0,0,110,55400,42,11750
251,1,1075,85,5,1600,0,0,110,55350,33,11750
252,1,1030,69,4,1600,0,0,110,54600,43,10850
253,1,1075,85,5,1600,0,1,110,53773,43,11750
254,1,1105,85,5,1600,1,1,110,53719,42,14950
255,1,1075,19,5,1600,0,1,110,53644,39,9940
256,1,1075,85,5,1600,0,0,110,53350,42,12900
257,1,1075,85,5,1600,0,1,110,53000,38,13500
258,1,1025,69,3,1400,0,1,97,52084,44,11750
259,1,1025,69,3,1400,0,0,97,52000,44,11950
260,1,1075,85,5,1600,0,1,110,51945,33,13450
261,1,1025,69,3,1400,0,1,97,51732,41,11950
262,1,1075,85,5,1600,0,1,110,50873,39,12495
263,1,1030,69,4,1600,0,0,110,50856,41,13500
264,1,1075,85,5,1600,0,1,110,50640,40,12750
265,1,1060,85,5,1400,0,1,97,50000,39,12000
266,1,1075,85,5,1600,0,1,110,49500,38,11950
267,1,1080,85,5,1600,0,1,110,49332,44,12495
268,1,1040,69,3,1600,0,1,110,49291,34,12450
269,1,1205,210,5,2000,0,1,90,48952,40,14750
270,1,1040,69,3,1600,0,0,110,48945,39,10950
271,1,1105,185,3,1900,0,1,69,48928,33,13500
272,1,1075,85,5,1600,0,1,110,48197,38,12950
273,1,1105,185,3,1900,0,1,69,48052,35,13500
274,1,1030,69,4,1600,0,1,110,48011,34,13450
275,1,1075,85,5,1600,0,1,110,48000,43,13500
276,1,1075,85,5,1600,0,1,110,47350,41,11480
277,1,1060,85,5,1400,0,1,97,46821,39,13450
278,1,1040,69,3,1600,0,0,110,46694,39,11495
279,1,1025,69,5,1400,0,0,97,46515,43,12750
280,1,1055,85,3,1600,0,1,110,46327,38,14990
281,1,1060,85,5,1400,0,1,97,46304,35,12950
282,1,1080,85,5,1600,0,1,110,45886,40,12950
283,1,1085,19,5,1400,0,1,97,45713,39,12850
284,1,1105,85,5,1600,1,1,110,45600,40,13950
285,1,1075,85,5,1600,0,1,110,45287,41,11950
286,1,1075,85,5,1600,0,1,110,45081,39,12950
287,1,1075,85,5,1600,0,1,110,44830,40,11700
288,1,1025,69,3,1400,0,0,97,44757,37,9950
289,1,1060,85,5,1400,0,1,97,44218,44,11895
290,1,1075,85,5,1600,0,1,110,43632,43,12950
291,1,1040,69,3,1600,0,1,110,43427,36,12500
292,1,1075,85,5,1600,0,1,110,43254,39,13875
293,1,1050,69,3,1600,0,0,110,43000,35,10500
294,1,1075,85,5,1600,0,1,110,42823,33,12295
295,1,1080,85,5,1600,0,1,110,42560,42,13950
296,1,1040,69,3,1600,0,0,110,41754,38,10950
297,1,1103,197,5,1600,0,1,110,41499,44,12950
298,1,1080,85,5,1600,0,1,110,41339,40,12850
299,1,1075,85,5,1600,0,1,110,41000,35,13995
300,1,1055,85,3,1600,0,1,110,40000,39,13750
301,1,1075,85,5,1600,0,1,110,39757,37,12750
302,1,1045,69,3,1600,0,1,110,39659,41,12500
303,1,1055,85,3,1600,0,0,110,39650,43,13950
304,1,1025,69,3,1398,0,1,97,39524,39,11500
305,1,1060,85,5,1400,0,1,97,39516,44,13950
306,1,1060,85,5,1400,0,0,97,39439,41,11895
307,1,1025,69,3,1400,0,1,97,39000,44,9950
308,1,1040,69,3,1600,0,1,110,38932,42,13500
309,1,1025,69,3,1400,0,0,97,38812,37,11450
310,1,1075,85,5,1600,0,1,110,38665,42,12450
311,1,1080,85,5,1600,0,1,110,38653,40,12950
312,1,1080,85,5,1600,0,1,110,38461,44,13995
313,1,1025,69,3,1400,0,0,97,38078,42,11750
314,1,1060,85,5,1400,0,1,97,37782,39,11650
315,1,1030,69,3,1400,0,0,97,37576,43,9950
316,1,1075,85,5,1600,0,1,110,37533,41,13950
317,1,1080,85,5,1600,0,1,110,37389,44,12950
318,1,1025,69,3,1400,0,1,97,37320,38,10950
319,1,1025,69,3,1400,0,1,97,37000,42,9900
320,1,1075,19,4,1600,0,0,110,37000,44,11950
321,1,1090,85,5,1600,0,0,110,36566,40,11990
322,1,1075,85,5,1600,0,1,110,36269,36,10750
323,1,1075,19,5,1600,1,1,110,36074,37,13950
324,1,1040,69,3,1600,0,1,110,36066,44,11250
325,1,1075,85,5,1600,0,1,110,34599,39,12950
326,1,1075,85,5,1600,0,1,110,34000,41,11950
327,1,1025,69,3,1400,0,1,97,33623,42,10950
328,1,1075,85,5,1600,0,1,110,33591,33,12950
329,1,1075,85,5,1600,0,1,110,33258,35,12950
330,1,1075,85,5,1600,0,1,110,33113,43,11695
331,1,1075,19,5,1600,1,1,110,33000,41,11000
332,1,1080,85,5,1600,0,1,110,32941,35,13950
333,1,1075,85,5,1600,0,0,110,32781,38,11950
334,1,1040,69,3,1600,0,1,110,32532,40,11750
335,1,1060,85,5,1400,0,1,97,32431,34,12400
336,1,1040,69,3,1600,0,0,110,32000,35,12500
337,1,1075,19,5,1600,0,1,110,31000,33,12900
338,1,1045,69,3,1600,0,0,110,30989,41,12200
339,1,1040,69,3,1600,0,1,110,30742,43,12750
340,1,1075,85,5,1600,0,1,110,30190,42,11950
341,1,1075,85,5,1600,0,1,116,29716,41,11900
342,1,1070,85,3,1600,1,1,110,29716,44,11950
343,1,1055,85,3,1600,0,0,110,29640,42,14950
344,1,1060,85,5,1400,0,1,97,29056,41,11950
345,1,1075,85,5,1600,0,1,110,28715,33,12950
346,1,1090,85,5,1600,0,0,110,28571,41,14950
347,1,1040,69,3,1600,0,1,110,28362,40,13450
348,1,1075,85,5,1600,0,1,110,28150,38,13750
349,1,1040,69,3,1600,0,1,110,27301,43,12950
350,1,1075,85,5,1600,0,1,110,27240,33,12750
351,1,1060,85,5,1400,0,1,97,27170,39,11895
352,1,1060,85,5,1400,0,1,97,27141,42,9950
353,1,1075,85,5,1600,0,1,110,26262,38,12450
354,1,1060,85,5,1400,0,1,97,26000,38,12500
355,1,1045,69,3,1600,0,1,110,25228,43,14950
356,1,1080,85,5,1600,0,1,110,25062,39,13750
357,1,1060,85,4,1600,1,1,110,24723,39,12695
358,1,1055,85,3,1600,0,1,110,24650,33,14990
359,1,1080,85,5,1600,0,1,110,24553,43,12750
360,1,1030,69,5,1600,0,1,110,24475,41,14350
361,1,1040,69,3,1600,0,1,110,24444,39,12950
362,1,1025,69,3,1400,0,0,97,24011,35,11500
363,1,1025,69,3,1400,0,1,97,24000,41,11950
364,1,1075,85,5,1600,0,1,110,23616,40,13450
365,1,1075,85,5,1600,0,1,110,22865,38,12900
366,1,1035,69,5,1300,0,1,86,22780,41,10500
367,1,1025,69,3,1400,0,0,97,21904,35,10950
368,1,1025,69,3,1400,0,0,97,21651,41,11950
369,1,1030,69,5,1600,0,1,110,21500,37,11450
370,1,1080,85,5,1600,0,1,110,21027,44,13250
371,1,1030,69,4,1600,0,0,110,18500,39,10250
372,1,1075,85,5,1600,0,1,110,18000,35,13995
373,1,1060,85,5,1400,0,0,97,17051,40,11950
374,1,1085,19,5,1400,0,1,97,16512,33,13250
375,1,1080,85,5,1600,0,1,110,16325,40,12950
376,1,1060,85,5,1400,0,1,97,16000,38,11750
377,1,1075,85,5,1600,0,1,110,12000,39,11500
378,1,1060,85,5,1400,0,1,97,10000,43,13500
379,1,1110,185,3,1900,0,0,69,216000,53,6500
380,1,1095,185,4,1900,0,0,69,198167,51,6400
381,1,1105,185,3,1900,0,0,69,176000,53,7000
382,1,1100,185,4,2000,0,1,72,174139,54,7750
383,1,1095,185,5,1900,0,1,69,174000,45,8900
384,1,1075,72,3,1600,0,1,110,150000,55,8500
385,1,1135,185,5,2000,0,1,72,149329,54,8950
386,1,1080,85,5,1600,0,1,110,146736,51,9900
387,1,1140,185,5,1900,0,0,69,143513,53,10250
388,1,1119,197,5,1600,0,0,110,142130,48,9250
389,1,1110,64,5,1900,0,1,69,140700,48,7750
390,1,1095,185,4,1900,0,1,69,138394,54,9450
391,1,1135,185,5,2000,0,1,72,137000,55,7750
392,1,1140,185,5,1900,0,1,69,135258,52,8250
393,1,1075,85,5,1600,0,1,110,131364,49,9950
394,1,1110,64,5,1800,0,0,69,129155,56,4450
395,1,1055,85,3,1600,0,0,110,126110,50,9950
396,1,1080,85,5,1600,0,1,110,119742,48,9000
397,1,1110,64,5,1900,0,1,69,117913,53,9950
398,1,1165,210,3,2000,0,1,90,117430,47,12450
399,1,1035,69,4,1600,0,1,110,117175,55,10500
400,1,1035,69,4,1600,0,1,110,115558,54,10750
401,1,1025,69,3,1400,0,1,97,115113,53,8950
402,1,1140,185,5,1900,0,1,69,115046,54,10500
403,1,1135,64,5,2000,0,1,72,113997,56,5150
404,1,1060,85,5,1400,0,0,97,107859,49,10950
405,1,1025,69,3,1400,0,1,97,104805,52,9450
406,1,1075,85,5,1600,0,1,110,103454,54,9950
407,1,1140,185,5,1900,0,0,69,103018,51,10950
408,1,1080,85,5,1600,0,1,110,102352,47,11900
409,1,1060,85,5,1400,0,1,97,102030,50,9950
410,1,1080,85,5,1600,0,0,110,101352,54,11950
411,1,1035,69,4,1600,0,1,110,99865,50,7900
412,1,1055,85,3,1600,0,1,110,99323,52,10950
413,1,1140,185,5,1900,0,1,69,98100,48,8950
414,1,1080,85,5,1600,0,0,110,98040,51,11950
415,1,1045,69,3,1600,0,1,110,97600,49,10900
416,1,1080,85,5,1600,0,0,110,97234,55,9950
417,1,1115,185,3,2000,0,0,72,96135,51,9950
418,1,1080,85,5,1600,0,1,110,96100,54,10950
419,1,1115,185,3,2000,0,0,72,94401,55,8950
420,1,1015,69,3,1300,0,1,86,94122,55,8950
421,1,1055,85,3,1600,0,1,110,91340,49,10500
422,1,1025,69,3,1400,0,0,97,90200,53,8950
423,1,1140,185,5,1900,0,1,69,90097,53,9250
424,1,1060,85,5,1400,0,1,97,89049,48,11500
425,1,1075,85,5,1600,0,0,110,89000,52,9750
426,1,1040,69,3,1600,0,1,110,87274,45,9950
427,1,1045,69,3,1600,0,0,110,86221,49,11450
428,1,1075,19,5,1600,0,0,110,84598,54,12500
429,1,1075,85,5,1600,0,0,110,83567,50,10500
430,1,1075,85,5,1600,0,1,110,83106,50,12950
431,1,1040,69,3,1600,0,1,110,82805,50,12200
432,1,1030,69,3,1400,0,1,97,82735,50,10950
433,1,1105,19,5,1600,0,1,110,81905,54,10950
434,1,1070,85,3,1600,1,1,110,80320,49,11290
435,1,1030,69,3,1400,0,1,97,80090,49,10750
436,1,1075,85,5,1600,0,0,110,79800,53,10895
437,1,1119,197,5,1600,0,1,110,78785,47,11500
438,1,1075,85,5,1600,0,1,110,78600,48,9750
439,1,1040,69,3,1600,0,0,110,77780,55,10250
440,1,1030,69,4,1600,0,0,110,77648,49,12500
441,1,1035,69,4,1600,0,1,110,77270,54,11950
442,1,1060,85,5,1400,0,1,97,76167,50,10750
443,1,1035,69,4,1600,0,1,110,75249,46,11450
444,1,1080,85,5,1600,0,1,110,75231,54,11950
445,1,1055,85,3,1600,0,1,110,75045,48,11750
446,1,1060,85,4,1600,1,1,110,74849,50,10950
447,1,1080,85,5,1600,0,1,110,74715,55,11950
448,1,1105,185,3,1900,0,0,69,74656,49,10995
449,1,1025,69,3,1400,0,0,97,74500,56,11450
450,1,1075,85,5,1600,0,1,110,74494,49,8900
451,1,1075,85,5,1587,0,0,110,73634,50,10500
452,1,1075,85,5,1600,0,1,110,73403,47,11750
453,1,1030,69,3,1400,0,1,97,73175,49,11450
454,1,1055,85,3,1600,0,0,110,73000,52,12000
455,1,1070,85,3,1600,1,0,110,72242,50,11950
456,1,1025,69,3,1400,0,1,97,72000,53,9850
457,1,1035,69,4,1600,0,1,110,71725,54,10950
458,1,1080,85,5,1600,0,0,110,71276,54,10950
459,1,1105,185,3,1900,0,1,69,70440,50,8695
460,1,1040,69,3,1600,0,0,110,70239,53,10990
461,1,1025,69,3,1400,0,1,97,69813,55,9500
462,1,1025,69,3,1300,0,0,86,69659,49,11950
463,1,1065,85,5,1400,0,0,97,69574,46,10750
464,1,1140,185,5,1900,0,1,69,69000,47,8750
465,1,1030,69,4,1600,0,1,110,68565,49,8750
466,1,1115,185,3,2000,0,1,72,68520,55,11450
467,1,1025,69,3,1400,0,0,97,68414,46,9950
468,1,1090,85,5,1600,0,0,110,66777,56,11950
469,1,1080,85,5,1600,0,1,110,66527,52,13950
470,1,1090,85,5,1600,0,1,110,66063,54,11250
471,1,1060,85,5,1400,0,1,97,65471,50,10900
472,1,1025,69,3,1400,0,1,97,65400,56,9750
473,1,1025,69,3,1400,0,1,97,65170,52,9950
474,1,1075,19,5,1600,0,1,110,65000,56,11950
475,1,1040,69,3,1600,0,1,110,64193,48,10450
476,1,1025,69,3,1400,0,1,97,64000,54,8950
477,1,1075,85,5,1600,0,1,110,63792,54,10250
478,1,1035,69,4,1600,0,1,110,63635,53,9930
479,1,1050,69,3,1600,0,1,110,63135,54,10500
480,1,1035,69,4,1600,0,1,110,63123,54,11950
481,1,1140,185,5,1900,0,1,69,63000,48,11500
482,1,1035,69,4,1600,0,0,110,63000,55,11500
483,1,1080,85,5,1600,0,0,110,62987,54,11450
484,1,1050,69,3,1600,0,0,110,62751,56,9900
485,1,1025,69,3,1400,0,0,97,62519,54,9500
486,1,1060,85,5,1400,0,1,97,62280,50,10500
487,1,1075,85,5,1600,0,0,110,61672,50,10750
488,1,1140,185,5,2000,0,0,69,61000,54,8950
489,1,1050,69,3,1600,0,1,110,61000,56,12000
490,1,1105,19,4,1600,0,1,110,60558,53,9940
491,1,1030,69,4,1600,0,0,110,60348,47,10950
492,1,1075,85,5,1600,0,1,110,60239,54,10750
493,1,1025,69,3,1400,0,1,97,59000,51,9799
494,1,1060,85,5,1300,0,0,97,58761,51,11750
495,1,1035,69,4,1600,0,1,110,58745,54,11950
496,1,1045,69,3,1600,0,1,110,58596,52,11250
497,1,1075,85,5,1600,0,0,110,58530,54,11750
498,1,1050,69,3,1600,0,1,110,58377,55,10950
499,1,1080,85,5,1600,0,1,110,58142,56,11250
500,1,1025,69,3,1400,0,1,97,57948,53,9950
501,1,1080,85,5,1600,0,0,110,57645,51,9700
502,1,1105,19,4,1600,0,1,110,57500,47,11950
503,1,1040,69,3,1600,0,0,110,57475,53,9900
504,1,1045,69,3,1600,0,0,110,56743,55,9990
505,1,1025,69,3,1400,0,1,97,56675,48,9475
506,1,1075,85,5,1600,0,1,110,55877,54,11500
507,1,1035,69,4,1600,0,1,110,55500,53,11950
508,1,1060,85,5,1400,0,1,97,54900,55,11500
509,1,1075,85,5,1600,0,0,110,54465,50,10500
510,1,1060,85,5,1400,0,1,97,53700,46,10900
511,1,1060,85,5,1400,0,1,97,53561,52,11700
512,1,1080,85,5,1600,0,1,110,53408,51,11900
513,1,1080,85,5,1600,0,1,110,53268,51,13950
514,1,1025,69,3,1400,0,1,97,53116,49,10950
515,1,1025,69,3,1400,0,0,97,52448,56,10500
516,1,1085,19,3,1400,0,1,97,52149,55,10750
517,1,1070,85,5,1600,0,1,110,52141,55,11950
518,1,1025,69,3,1400,0,0,97,52000,56,10000
519,1,1060,85,5,1400,0,1,97,50967,48,10495
520,1,1080,85,5,1600,0,0,110,50400,50,11450
521,1,1025,69,3,1400,0,1,97,50000,54,9400
522,1,1045,69,5,1300,0,1,86,50000,51,11950
523,1,1075,85,5,1600,0,0,110,49969,53,9650
524,1,1105,19,3,1600,0,1,110,49568,49,18950
525,1,1055,85,3,1600,0,0,110,49473,51,11450
526,1,1050,69,3,1600,0,1,110,49432,52,10250
527,1,1045,69,3,1600,0,1,110,49417,48,11450
528,1,1025,69,3,1400,0,1,97,49366,54,9950
529,1,1055,85,3,1600,0,1,110,48731,56,10500
530,1,1080,85,5,1600,0,1,110,48370,54,13750
531,1,1025,69,3,1400,0,0,97,48071,48,9950
532,1,1030,69,4,1600,0,1,110,47852,54,10250
533,1,1055,85,3,1600,0,0,110,47768,54,10850
534,1,1075,85,5,1600,0,0,110,47689,52,11895
535,1,1055,85,3,1600,0,1,110,47451,53,12950
536,1,1080,85,5,1600,0,1,110,47219,50,11950
537,1,1070,85,5,1600,0,1,110,47211,56,10750
538,1,1060,85,5,1400,0,0,97,46856,54,9550
539,1,1035,69,5,1300,0,0,86,46500,56,10950
540,1,1035,69,4,1600,0,1,110,46449,52,11750
541,1,1075,85,5,1600,0,0,110,46391,47,10950
542,1,1055,85,3,1600,0,1,110,46230,54,12450
543,1,1030,69,4,1600,0,1,110,46029,52,10500
544,1,1025,69,3,1400,0,0,97,46000,50,10900
545,1,1075,85,5,1600,0,1,110,45900,50,12950
546,1,1060,85,5,1400,0,0,97,45850,47,10950
547,1,1080,85,5,1600,0,1,110,45336,56,12500
548,1,1025,69,3,1400,0,0,97,44537,55,9950
549,1,1025,69,3,1300,0,1,86,43700,56,10750
550,1,1030,69,3,1400,0,1,97,43120,48,12500
551,1,1040,69,3,1600,0,0,110,41710,49,10450
552,1,1025,69,3,1400,0,1,97,41700,52,10750
553,1,1105,19,5,1600,0,1,110,41636,49,12950
554,1,1060,85,5,1400,0,0,97,41273,50,10995
555,1,1075,85,3,1600,1,0,110,40836,49,11950
556,1,1060,85,5,1400,0,1,97,40400,50,11250
557,1,1090,85,5,1600,0,1,110,40361,47,11950
558,1,1045,69,5,1300,0,0,86,40325,54,13750
559,1,1080,85,5,1600,0,0,110,40000,47,11000
560,1,1080,85,5,1600,0,1,110,39706,50,13500
561,1,1040,69,3,1600,0,1,110,39291,54,10950
562,1,1025,69,3,1400,0,0,97,39000,54,10750
563,1,1025,69,3,1400,0,1,97,38900,47,8950
564,1,1055,85,3,1600,0,0,110,38403,51,12950
565,1,1025,69,3,1400,0,0,97,37461,56,9750
566,1,1025,69,3,1400,0,1,97,37000,54,10900
567,1,1035,69,4,1600,0,1,110,36406,55,10995
568,1,1065,85,5,1400,0,1,97,36005,48,10750
569,1,1075,85,5,1600,0,1,110,36000,52,10950
570,1,1080,85,5,1600,0,0,110,36000,49,13000
571,1,1070,85,3,1600,1,1,110,36000,45,12950
572,1,1075,85,5,1600,0,0,110,35823,52,11500
573,1,1025,69,3,1400,0,0,97,35230,56,10950
574,1,1055,85,3,1600,0,0,110,35142,48,11710
575,1,1025,69,3,1400,0,0,97,34890,49,9980
576,1,1075,85,5,1600,0,1,110,34882,51,12250
577,1,1075,85,5,1600,0,1,110,34000,46,11500
578,1,1080,85,5,1600,0,0,110,33998,56,11950
579,1,1050,69,3,1600,0,0,110,33230,55,11500
580,1,1080,85,5,1600,0,1,110,33021,46,11900
581,1,1030,69,3,1400,0,0,97,31999,49,11930
582,1,1025,69,3,1400,0,0,97,31579,52,10500
583,1,1025,69,3,1400,0,0,97,31000,56,8950
584,1,1060,85,5,1400,0,1,97,30806,46,10450
585,1,1050,69,5,1300,0,1,86,30461,55,10500
586,1,1075,85,3,1600,1,1,110,29686,50,12950
587,1,1025,69,3,1300,0,0,86,29650,55,9950
588,1,1055,85,3,1600,0,1,110,29500,52,12900
589,1,1085,19,3,1400,0,0,97,28656,48,9950
590,1,1025,69,3,1400,0,1,97,27500,55,9950
591,1,1040,69,3,1600,0,1,110,26938,48,10950
592,1,1060,85,5,1400,0,0,97,26624,53,10950
593,1,1025,69,3,1400,0,1,97,26221,47,9950
594,1,1060,85,5,1400,0,1,97,22648,50,10950
595,1,1025,69,3,1400,0,1,97,22500,50,10800
596,1,1025,69,3,1400,0,0,97,19313,56,10500
597,1,1030,69,4,1600,0,0,110,17619,50,10450
598,1,1025,69,3,1400,0,1,97,17069,51,10600
599,1,1025,69,3,1400,0,1,97,15000,48,10450
600,1,1065,85,5,1400,0,0,97,10210,50,12950
601,1,1070,85,3,1600,1,1,110,5309,47,11250
602,1,1260,64,3,2000,0,1,90,1,50,7500
603,1,1025,69,3,1398,0,0,97,31000,52,8950
604,1,1100,185,4,2000,0,1,72,205000,58,6950
605,1,1115,185,3,2000,0,0,72,204250,68,7900
606,1,1000,69,4,1300,0,0,86,194545,68,5950
607,1,1115,185,3,2000,0,1,72,190900,59,7500
608,1,1140,185,5,2000,0,1,72,183500,62,7500
609,1,1115,185,3,2000,0,1,72,176184,65,6900
610,1,1100,185,4,2000,0,0,72,174833,67,5751
611,1,1015,69,3,1300,0,1,86,155720,68,6950
612,1,1050,69,5,1600,0,1,110,155500,67,7950
613,1,1120,185,3,2000,0,1,72,154783,59,7750
614,1,1135,185,5,2000,0,1,72,154462,64,7950
615,1,1065,85,3,1600,0,1,110,150585,64,8250
616,1,1135,64,5,2000,0,1,90,149000,67,6250
617,1,1135,185,5,2000,0,0,72,147636,62,9500
618,1,1135,64,5,2000,0,1,72,144521,59,6900
619,1,1065,72,3,1600,0,1,110,144000,64,8450
620,1,1115,185,3,2000,0,1,72,140168,65,7350
621,1,1085,85,5,1600,0,1,110,140000,68,8950
622,1,1115,185,3,2000,0,0,72,139800,60,6900
623,1,1078,197,3,1600,0,1,110,137050,59,8950
624,1,1065,85,3,1600,0,0,110,136956,61,8750
625,1,1120,197,5,1600,0,1,110,135337,67,7950
626,1,1120,185,3,2000,0,1,72,133769,64,8950
627,1,1135,185,5,2000,0,1,72,133405,58,8950
628,1,1135,185,5,2000,0,1,72,132807,65,8950
629,1,1135,185,5,2000,0,0,72,132393,64,7950
630,1,1050,69,3,1600,0,0,110,130270,60,7750
631,1,1135,185,4,2000,0,1,72,130000,59,7500
632,1,1135,185,5,2000,0,1,72,127000,67,8950
633,1,1135,185,5,2000,0,0,72,126800,67,9800
634,1,1085,85,5,1600,0,1,110,126452,66,9450
635,1,1150,185,5,2000,0,0,116,125175,62,8950
636,1,1115,185,3,2000,0,1,72,125000,68,8750
637,1,1135,185,5,2000,0,0,72,123000,61,10500
638,1,1050,69,5,1300,0,0,86,121626,59,7995
639,1,1090,85,5,1600,0,0,110,120400,64,10450
640,1,1100,185,4,2000,0,0,72,120000,66,9950
641,1,1055,85,3,1600,0,0,110,119541,68,9950
642,1,1070,85,5,1600,0,1,110,119500,68,8950
643,1,1035,69,4,1600,0,1,110,119289,68,7950
644,1,1065,85,3,1600,0,0,110,118833,57,10950
645,1,1150,185,5,2000,0,1,72,118000,64,9950
646,1,1065,85,4,1600,1,1,110,117955,68,8600
647,1,1015,69,3,1300,0,0,86,117609,65,7250
648,1,1115,185,3,2000,0,0,72,117000,68,6950
649,1,1045,69,5,1300,0,0,86,116000,64,8000
650,1,1070,85,5,1600,0,0,110,115715,58,9950
651,1,1079,197,4,1600,0,1,110,115191,60,9450
652,1,1055,85,3,1600,0,1,110,115071,68,7950
653,1,1109,197,3,1600,0,0,110,115000,63,9450
654,1,1075,85,5,1600,0,1,110,114846,64,9950
655,1,1260,64,3,2000,0,0,90,114383,65,6950
656,1,1065,19,5,1600,0,1,110,113700,59,8250
657,1,1020,69,3,1300,0,1,86,113118,67,9950
658,1,1040,69,5,1300,0,1,86,112827,59,8250
659,1,1070,85,5,1600,0,1,110,112116,68,9950
660,1,1065,85,3,1600,0,1,110,112000,66,10500
661,1,1135,64,4,2000,0,0,72,112000,62,7950
662,1,1065,85,3,1600,0,0,110,111769,65,9750
663,1,1070,85,5,1600,0,1,110,110853,61,9250
664,1,1050,69,3,1600,0,1,110,110287,68,9500
665,1,1075,85,5,1600,0,0,110,109547,62,9950
666,1,1050,69,3,1600,0,0,110,109230,63,7750
667,1,1075,85,5,1600,0,0,110,109150,68,9500
668,1,1035,69,4,1600,0,1,110,108793,67,9950
669,1,1050,19,3,1600,1,0,110,106784,64,9750
670,1,1040,69,5,1300,0,0,86,105942,58,9750
671,1,1015,19,3,1300,0,1,86,105000,59,5950
672,1,1040,69,5,1300,0,0,86,105000,62,8500
673,1,1085,85,5,1600,0,1,110,104299,68,8495
674,1,1020,69,3,1300,0,0,86,104000,67,9250
675,1,1015,19,3,1300,0,1,86,104000,68,6900
676,1,1025,69,3,1300,0,1,86,103458,58,8950
677,1,1075,85,5,1600,0,1,110,103400,63,9500
678,1,1055,85,5,1300,0,0,86,102807,63,9250
679,1,1090,85,5,1600,0,0,110,102494,68,9895
680,1,1135,185,5,2000,0,1,72,102300,57,9950
681,1,1050,69,3,1600,0,0,110,102106,61,7950
682,1,1075,85,5,1600,0,1,110,101889,68,8750
683,1,1115,185,3,2000,0,0,72,101791,57,8250
684,1,1065,85,3,1600,0,1,110,101469,63,8950
685,1,1075,85,5,1600,0,0,110,101001,68,8950
686,1,1070,85,5,1600,0,0,110,100748,61,8950
687,1,1075,85,5,1600,0,1,110,100550,65,8950
688,1,1085,85,5,1600,0,1,110,99781,67,9450
689,1,1020,69,3,1300,0,1,86,98658,59,8950
690,1,1075,85,5,1600,0,1,110,98500,65,9250
691,1,1000,69,4,1300,0,0,86,98291,64,8750
692,1,1065,85,3,1600,0,1,110,97648,61,9950
693,1,1075,85,5,1600,0,1,110,97425,61,9950
694,1,1015,69,3,1300,0,0,86,97173,65,9900
695,1,1000,69,4,1300,0,1,86,97046,66,8950
696,1,1050,69,3,1600,0,1,110,96000,67,8950
697,1,1100,185,4,2000,0,0,72,96000,60,12250
698,1,1070,85,5,1600,0,1,110,95750,67,9250
699,1,1050,85,3,1600,0,1,110,95147,61,10250
700,1,1050,69,3,1600,0,0,110,95000,68,8950
701,1,1050,69,3,1600,0,1,110,95000,65,7999
702,1,1065,85,3,1600,0,0,110,94606,66,9900
703,1,1000,69,4,1300,0,1,86,94504,63,8250
704,1,1075,85,5,1600,0,1,110,93428,65,10500
705,1,1015,69,3,1300,0,0,86,93408,65,8450
706,1,1090,85,5,1600,0,1,110,93296,68,9900
707,1,1075,85,5,1600,0,1,110,93098,62,10500
708,1,1100,185,4,2000,0,1,72,92922,67,8500
709,1,1050,69,3,1600,0,1,110,92498,61,9500
710,1,1065,85,3,1600,0,0,110,92226,65,9450
711,1,1115,185,3,2000,0,0,72,91505,68,9900
712,1,1050,69,3,1600,0,1,110,91333,64,8250
713,1,1015,69,3,1300,0,1,86,91246,65,8750
714,1,1075,85,5,1600,0,1,110,91000,58,9500
715,1,1050,69,3,1600,0,0,110,90727,68,8450
716,1,1050,69,3,1600,0,0,110,90000,62,8490
717,1,1035,69,4,1600,0,0,110,89576,60,8750
718,1,1025,69,3,1300,0,1,86,89145,64,9750
719,1,1085,85,5,1600,0,1,110,89000,63,9950
720,1,1050,69,3,1600,0,0,110,88807,68,8500
721,1,1070,85,5,1600,0,0,110,88685,63,8450
722,1,1040,69,4,1600,0,1,110,88667,62,7900
723,1,1050,69,3,1600,0,1,110,88480,57,8750
724,1,1015,69,3,1300,0,0,86,88127,61,7950
725,1,1020,69,3,1300,0,0,86,88000,62,6900
726,1,1015,69,3,1300,0,1,86,87821,65,8150
727,1,1065,85,5,1300,1,1,86,87654,59,10995
728,1,1050,69,3,1600,0,1,110,86888,59,8900
729,1,1040,69,5,1300,0,1,86,86871,59,9500
730,1,1035,69,4,1600,0,1,110,86714,68,8950
731,1,1065,85,3,1600,0,0,110,85889,65,11500
732,1,1050,69,3,1600,0,1,110,85000,62,10450
733,1,1025,69,3,1300,0,1,86,85000,60,10500
734,1,1035,69,4,1600,0,1,110,84976,68,9250
735,1,1120,19,5,1600,0,1,110,84558,65,10950
736,1,1075,85,5,1600,0,0,110,84549,62,10450
737,1,1075,85,5,1600,0,1,110,84482,68,9250
738,1,1070,85,5,1600,0,1,110,83908,62,8750
739,1,1015,69,3,1300,0,0,86,83560,67,8750
740,1,1100,85,5,1600,1,1,107,83000,68,9800
741,1,1015,69,3,1300,0,0,86,82723,64,8250
742,1,1065,85,3,1600,0,1,110,82421,62,10450
743,1,1050,69,5,1600,0,0,110,82254,58,9750
744,1,1055,85,3,1600,0,1,110,82115,61,8950
745,1,1015,69,3,1300,0,1,86,82000,65,7450
746,1,1035,69,5,1300,0,1,86,81965,68,8450
747,1,1050,19,3,1600,0,0,110,81250,66,8250
748,1,1065,85,3,1600,0,1,110,81192,65,10950
749,1,1040,69,4,1600,0,1,110,81170,61,8950
750,1,1015,69,3,1300,0,0,86,81083,66,8750
751,1,1075,85,5,1600,0,1,110,80714,61,10450
752,1,1085,85,5,1600,0,0,110,80470,57,10950
753,1,1035,69,4,1600,0,1,110,80439,65,8450
754,1,1065,85,3,1600,0,1,110,80430,59,9950
755,1,1055,85,3,1600,0,1,110,80426,68,9950
756,1,1015,69,3,1300,0,0,86,80265,62,8750
757,1,1070,85,5,1600,0,0,110,80153,65,9950
758,1,1070,85,5,1600,0,0,110,80121,68,9500
759,1,1035,69,4,1600,0,1,110,80086,65,8250
760,1,1075,85,5,1600,0,0,110,80000,62,10950
761,1,1015,19,5,1300,0,0,86,80000,60,7950
762,1,1015,19,2,1300,0,1,86,80000,65,8250
763,1,1040,69,4,1600,0,1,110,79858,67,9895
764,1,1015,69,3,1300,0,1,86,79762,67,9130
765,1,1065,85,5,1300,1,0,86,79660,59,10950
766,1,1075,85,5,1600,0,1,110,79150,60,10500
767,1,1050,69,3,1600,0,1,110,79000,61,8900
768,1,1045,69,5,1300,0,1,86,78955,57,9500
769,1,1155,210,5,1975,0,1,90,78750,59,10950
770,1,1015,69,3,1300,0,0,86,78521,68,7950
771,1,1015,69,3,1300,0,1,86,78356,64,7950
772,1,1015,69,3,1300,0,1,86,78076,65,7950
773,1,1100,85,5,1600,1,1,107,78063,61,9500
774,1,1075,85,5,1600,0,1,110,77821,67,10950
775,1,1035,69,4,1600,0,1,110,77695,68,9750
776,1,1050,69,3,1600,0,1,110,77500,65,9750
777,1,1055,85,3,1600,0,1,110,77457,63,9450
778,1,1015,69,3,1300,0,1,86,77029,68,8950
779,1,1015,69,3,1300,0,1,86,77008,68,8950
780,1,1070,85,5,1600,0,1,110,76791,66,8900
781,1,1035,69,5,1300,0,1,86,76700,61,9950
782,1,1020,69,3,1300,0,1,86,76569,67,8750
783,1,1075,85,5,1600,0,1,110,76162,59,8950
784,1,1035,69,4,1600,0,1,110,76155,65,8990
785,1,1015,69,3,1300,0,1,86,75609,61,8950
786,1,1120,185,3,2000,0,1,72,75569,62,8950
787,1,1065,85,3,1600,0,1,110,75429,67,9950
788,1,1075,85,5,1600,0,1,110,75000,68,9900
789,1,1015,19,3,1300,0,0,86,75000,65,8950
790,1,1070,85,5,1600,0,1,110,75000,62,8950
791,1,1085,85,3,1600,1,0,107,74963,66,9500
792,1,1015,69,3,1300,0,1,86,74889,68,7950
793,1,1070,85,5,1600,0,0,110,74875,68,7750
794,1,1075,85,5,1600,0,1,110,74747,63,8950
795,1,1085,85,5,1600,0,1,110,74720,60,11950
796,1,1075,85,5,1600,0,0,110,74457,62,8950
797,1,1035,69,5,1300,0,0,86,74337,60,11950
798,1,1050,69,3,1600,0,0,110,74308,68,8950
799,1,1050,69,3,1600,0,0,110,74193,64,9950
800,1,1050,69,3,1600,0,1,110,74179,65,8250
801,1,1050,69,5,1300,0,1,86,73936,67,8995
802,1,1065,85,3,1600,0,1,110,73894,61,9995
803,1,1050,69,3,1600,0,1,110,73500,64,9250
804,1,1070,85,5,1600,0,0,110,73376,64,10950
805,1,1015,69,3,1300,0,1,86,73300,64,8900
806,1,1075,85,5,1600,0,1,110,73172,58,9500
807,1,1075,85,5,1600,0,1,110,72928,58,9950
808,1,1015,69,3,1332,0,1,86,72880,67,7950
809,1,1050,69,3,1600,0,1,110,72522,63,8250
810,1,1015,69,3,1300,0,1,86,72000,64,9450
811,1,1015,69,3,1300,0,0,86,72000,57,7950
812,1,1065,85,3,1600,0,0,110,71366,59,9500
813,1,1050,69,3,1600,0,0,110,71317,65,8950
814,1,1070,85,5,1600,0,0,110,71000,62,10950
815,1,1050,69,3,1600,0,0,110,70954,60,8950
816,1,1035,69,5,1300,0,0,86,70908,63,9450
817,1,1050,69,3,1600,0,1,110,70560,58,8000
818,1,1075,85,5,1600,0,0,110,70552,67,9900
819,1,1035,69,5,1600,0,1,110,70500,62,8950
820,1,1135,185,5,2000,0,0,72,70453,60,10900
821,1,1050,69,3,1600,0,1,110,70218,59,9450
822,1,1035,69,4,1600,0,1,110,70116,64,8450
823,1,1075,85,5,1600,0,1,110,70068,65,9500
824,1,1065,19,3,1587,1,1,107,70000,67,10500
825,1,1015,69,3,1300,0,1,86,70000,68,6950
826,1,1035,69,4,1600,0,0,110,69103,68,9750
827,1,1035,69,5,1300,0,1,86,69022,58,6950
828,1,1065,85,3,1600,0,1,110,69000,67,9650
829,1,1065,85,3,1600,0,1,110,68865,68,9950
830,1,1025,69,3,1300,0,0,86,68723,58,9250
831,1,1070,85,5,1600,0,1,110,68453,63,8950
832,1,1050,69,5,1300,0,0,86,68238,63,9900
833,1,1085,85,5,1600,0,1,110,68153,63,10995
834,1,1075,85,5,1600,0,0,110,68000,65,10500
835,1,1015,69,3,1300,0,1,86,68000,65,8950
836,1,1065,85,3,1600,0,1,110,67762,67,9750
837,1,1075,85,5,1600,0,1,110,67146,68,10950
838,1,1035,69,5,1300,0,1,86,67110,67,9750
839,1,1065,85,3,1600,0,1,110,67010,59,9950
840,1,1035,69,4,1600,0,1,110,67003,65,10500
841,1,1045,69,3,1300,1,0,86,66785,68,10400
842,1,1010,69,3,1332,0,0,86,66550,68,8800
843,1,1065,85,3,1600,0,1,110,66259,61,10500
844,1,1070,85,5,1600,0,0,110,66082,62,9250
845,1,1015,69,3,1300,0,1,86,66000,65,7800
846,1,1050,69,3,1600,0,0,110,66000,61,9950
847,1,1065,85,3,1600,0,1,110,65896,63,10750
848,1,1075,85,5,1600,0,1,110,65785,67,10950
849,1,1070,85,4,1600,1,1,110,65513,65,9950
850,1,1070,85,5,1600,0,1,110,65463,59,9950
851,1,1000,69,4,1300,0,1,86,65400,68,8100
852,1,1050,69,3,1600,0,1,110,65259,60,9250
853,1,1050,69,3,1600,0,1,110,65000,64,7800
854,1,1070,85,5,1600,0,0,110,65000,68,9000
855,1,1035,69,4,1600,0,0,110,65000,57,8950
856,1,1020,69,3,1300,0,0,86,64966,62,8950
857,1,1075,85,5,1600,0,1,110,64950,68,9950
858,1,1070,85,5,1600,0,1,110,64914,60,8500
859,1,1075,85,5,1600,0,1,110,64797,62,7995
860,1,1050,69,3,1600,0,1,110,64772,65,8750
861,1,1020,69,3,1300,0,0,86,64690,63,9750
862,1,1070,85,5,1600,0,0,110,64630,65,10950
863,1,1085,85,5,1600,0,1,110,64613,67,9750
864,1,1015,69,3,1300,0,0,86,64383,60,8200
865,1,1075,85,5,1600,0,0,110,64000,68,8950
866,1,1015,69,3,1300,0,0,86,63881,66,9500
867,1,1135,185,5,2000,0,0,72,63870,58,10950
868,1,1065,85,5,1300,1,0,86,63328,66,9750
869,1,1065,85,5,1300,1,1,86,63000,65,9950
870,1,1050,69,3,1300,1,0,86,63000,61,10450
871,1,1050,69,3,1600,0,0,110,62396,65,9850
872,1,1075,85,5,1600,0,1,110,62377,62,9450
873,1,1050,69,3,1600,0,1,110,62316,67,10295
874,1,1065,85,3,1600,0,1,110,62292,68,9750
875,1,1050,69,3,1600,0,1,110,62225,65,8950
876,1,1075,85,5,1600,0,0,110,62222,68,9900
877,1,1035,69,5,1300,0,1,86,62135,66,8750
878,1,1075,85,5,1600,0,1,110,62024,58,9950
879,1,1015,69,3,1300,0,1,86,61977,60,8500
880,1,1035,69,4,1600,0,1,110,61930,62,9950
881,1,1050,69,3,1600,0,0,110,61682,57,10950
882,1,1035,69,4,1600,0,1,110,61568,68,9795
883,1,1035,69,4,1600,0,1,110,61504,68,8750
884,1,1050,69,3,1600,0,1,110,61384,65,8250
885,1,1075,85,5,1600,0,1,110,61343,58,9950
886,1,1075,85,5,1600,0,0,110,61254,62,9950
887,1,1050,69,3,1600,0,1,110,61166,59,10500
888,1,1040,69,5,1300,0,1,86,61149,62,9750
889,1,1090,85,5,1600,0,1,110,61144,61,11250
890,1,1050,69,3,1600,0,1,110,61127,59,8900
891,1,1015,69,3,1300,0,1,86,61100,60,7950
892,1,1075,85,5,1600,0,1,110,61100,68,11500
893,1,1050,69,3,1600,0,1,110,61000,57,9450
894,1,1015,69,3,1300,0,1,86,60724,65,7995
895,1,1045,69,5,1300,0,1,86,60708,59,10995
896,1,1050,69,3,1600,0,1,110,60532,61,8950
897,1,1030,69,4,1300,1,0,86,60000,67,8250
898,1,1015,69,3,1300,0,1,86,60000,66,8950
899,1,1015,69,3,1300,0,1,86,60000,65,8950
900,1,1035,69,5,1300,0,0,86,59295,62,9500
901,1,1015,69,3,1300,0,0,86,59264,65,7500
902,1,1050,69,3,1600,0,0,110,59000,63,8950
903,1,1035,19,5,1300,0,1,86,59000,63,9950
904,1,1075,19,5,1600,0,0,110,59000,65,9750
905,1,1070,85,5,1600,0,1,110,59000,61,9450
906,1,1050,69,3,1600,0,0,110,59000,65,9950
907,1,1055,85,3,1600,0,1,110,58860,68,9750
908,1,1050,69,3,1600,0,0,110,58829,65,8950
909,1,1070,85,5,1600,0,1,110,58654,66,8250
910,1,1015,69,3,1300,0,1,86,58300,65,7750
911,1,1050,69,3,1600,0,1,110,58269,60,8950
912,1,1075,85,5,1600,0,1,110,58136,64,9950
913,1,1085,85,3,1600,1,1,107,58113,66,9450
914,1,1065,85,3,1600,0,1,110,58058,67,12950
915,1,1050,69,3,1600,0,1,110,58000,58,9950
916,1,1065,85,3,1600,0,1,110,58000,62,10495
917,1,1035,69,5,1300,0,1,86,57565,68,7950
918,1,1115,85,5,1600,1,0,107,57413,63,10500
919,1,1075,85,5,1600,0,1,110,57374,65,8950
920,1,1075,85,5,1600,0,1,110,57179,62,9900
921,1,1065,85,3,1600,0,1,110,57169,61,9995
922,1,1065,85,3,1600,0,1,110,57124,63,9950
923,1,1050,69,3,1600,0,1,110,57000,63,9950
924,1,1050,69,3,1600,0,0,110,57000,67,8250
925,1,1035,69,5,1300,0,1,86,57000,63,9950
926,1,1015,69,3,1300,0,0,86,56259,59,8950
927,1,1080,85,3,1600,1,1,107,56209,62,10950
928,1,1000,69,4,1300,0,0,86,56074,67,9250
929,1,1070,85,5,1600,0,1,110,55942,63,9950
930,1,1045,69,5,1300,0,1,86,55844,57,9995
931,1,1020,69,3,1300,0,0,86,55747,61,8750
932,1,1045,69,5,1300,0,0,86,55478,58,10950
933,1,1105,85,5,1600,1,0,107,55085,60,10350
934,1,1070,85,5,1600,0,1,110,55061,65,9950
935,1,1015,69,3,1300,0,1,86,55000,65,8950
936,1,1075,85,5,1600,0,0,110,55000,57,10950
937,1,1075,85,5,1600,0,1,110,54936,63,10950
938,1,1070,85,5,1600,0,1,110,54875,68,8950
939,1,1050,69,3,1600,0,0,110,54847,67,8900
940,1,1065,85,3,1600,0,1,110,54554,60,10250
941,1,1035,69,5,1600,0,1,110,54125,61,9450
942,1,1055,85,3,1600,0,1,110,54000,61,9250
943,1,1075,85,5,1600,0,1,110,54000,57,10500
944,1,1035,69,5,1300,0,0,86,54000,58,7350
945,1,1135,19,3,1600,0,1,110,54000,57,10250
946,1,1075,85,5,1600,0,1,110,53285,62,10250
947,1,1075,85,5,1600,0,1,110,53053,65,11500
948,1,1075,19,3,1587,1,1,110,53000,68,8950
949,1,1015,69,3,1300,0,0,86,53000,68,7750
950,1,1050,69,3,1600,0,1,110,52968,64,9500
951,1,1015,69,3,1300,0,1,86,52800,67,8450
952,1,1050,69,3,1600,0,0,110,52548,57,8950
953,1,1035,69,4,1600,0,1,110,52487,60,8400
954,1,1015,69,3,1300,0,0,86,52383,66,9250
955,1,1035,69,4,1600,0,1,110,52112,61,8900
956,1,1050,69,3,1600,0,0,110,51712,58,8750
957,1,1105,85,5,1600,1,0,110,51421,58,10950
958,1,1000,69,4,1300,0,1,86,51235,61,8950
959,1,1015,69,3,1300,0,1,86,51000,65,8950
960,1,1070,85,5,1600,0,1,110,50925,61,8895
961,1,1480,19,3,1300,0,0,86,50806,66,9390
962,1,1070,85,5,1600,0,1,110,50469,59,8750
963,1,1075,85,5,1600,0,1,110,50173,61,9750
964,1,1075,85,5,1600,0,1,110,50000,62,9950
965,1,1065,85,3,1600,0,0,110,49942,65,10950
966,1,1085,85,5,1600,0,0,110,49585,67,9900
967,1,1035,69,4,1600,0,1,110,49258,62,9500
968,1,1050,69,3,1600,0,0,110,49000,61,9950
969,1,1055,85,5,1600,0,0,110,48738,63,9950
970,1,1040,69,5,1300,0,1,86,47750,62,10500
971,1,1015,69,3,1300,0,0,86,47612,63,9950
972,1,1035,69,5,1300,0,1,86,47500,68,10495
973,1,1050,69,3,1600,0,0,110,47237,66,9500
974,1,1015,69,3,1300,0,1,86,47171,58,8500
975,1,1035,69,4,1600,0,0,110,47060,60,10450
976,1,1015,69,3,1300,0,1,86,47014,65,8950
977,1,1025,69,3,1300,0,1,86,46929,59,9900
978,1,1035,69,5,1300,0,0,86,46000,63,8900
979,1,1050,69,3,1600,0,0,110,45681,65,8745
980,1,1015,69,3,1300,0,1,86,45549,65,8750
981,1,1050,69,5,1600,0,1,110,45000,57,10750
982,1,1050,69,3,1600,0,1,110,45000,57,9750
983,1,1075,85,5,1600,0,0,110,45000,65,8850
984,1,1035,69,5,1300,0,1,86,45000,66,7950
985,1,1035,69,4,1600,0,1,110,45000,63,9450
986,1,1085,85,3,1600,1,0,107,45000,61,9950
987,1,1035,69,4,1600,0,1,110,44944,63,8250
988,1,1015,19,3,1300,0,0,86,44597,61,9950
989,1,1015,69,3,1300,0,0,86,44458,68,9995
990,1,1070,85,5,1600,0,0,110,43818,59,9950
991,1,1070,85,5,1600,0,1,110,43426,60,10495
992,1,1114,72,4,1600,1,1,110,43000,58,7950
993,1,1035,69,5,1600,0,1,110,43000,68,8950
994,1,1075,85,5,1600,0,0,110,43000,57,9695
995,1,1015,69,3,1300,0,0,86,43000,64,7750
996,1,1050,69,3,1600,0,1,110,42750,68,9950
997,1,1075,85,5,1600,0,1,110,42102,67,9950
998,1,1114,19,5,1600,0,1,110,41586,63,9950
999,1,1070,85,5,1600,0,0,110,41200,64,9900
1000,1,1025,69,3,1300,0,0,86,40214,57,10950